tcr_id,epitope,reference_score,percentage_greater
32139,KLDGFMGRI,-0.0579040190172,23.605150214592275
32785,ELYHYQECV,-0.1028272523727913,73.6766809728183
31990,RAMPNMLRI,-0.0786673231583797,49.49928469241774
33237,VVVGAVGVGK,-0.0438809867381295,10.15736766809728
32350,GIIAMSAFA,-0.0632435998478413,29.470672389127323
32036,LTNDNTSRY,-0.0940599914250893,64.94992846924177
32240,APLLSAGVF,-0.05277322392707,19.027181688125893
32428,NTLQCIMLV,-0.0559026625557465,21.31616595135909
1184,LLFGYPVYV,-0.1102167595982963,78.96995708154506
30079,TEVETYVL,-0.0428106912924681,9.44206008583691
34506,APARLERRHSA,-0.1182396968111254,84.12017167381974
30081,LTDEMIAQY,0.0074555074555074,0.0
33013,YQDVNCTEV,-0.061677379859198,27.896995708154503
32980,LPDDFMGCV,-0.0620937263794406,28.183118741058657
32255,NPTIQKNVL,-0.066915348102342,34.0486409155937
33032,WPWYIWLGF,-0.0628205128205128,29.184549356223176
33075,FIAGLIAIV,-0.1209301809301809,86.40915593705293
1276,AYAQKIFKI,-0.0539916017533055,20.028612303290416
31994,LMCQPILLL,-0.0898184101992311,59.7997138769671
31760,LPNNTASWF,-0.060973650274347,26.32331902718169
33149,RVVVLSFEL,-0.0820144047002537,53.36194563662375
32774,FAFACPDGV,-0.0278185354850742,3.5765379113018603
32098,AMQTMLFTM,-0.1060679161333884,75.67954220314735
1010,KLGGALQAK,0.0150441489727204,79.97138769670958
22561,AAFKRSCLK,-0.1263778286149368,88.55507868383404
32841,FLAFVVFLL,-0.0675648562381585,35.47925608011445
32222,VPYFNMVYM,-0.1070677075365846,76.25178826895565
32061,SVLYYQNNV,-0.1140567235980783,81.68812589413447
33318,ALLPGLPAA,-0.1158387510538048,82.689556509299
29735,FLIYLDVSV,-0.0915337523173033,62.08869814020028
