pdb_id,cognate_epitope_rank
8dnt,12.087912087912088
8f5a,33.666333666333664
1mi5,10.989010989010989
5eu6,91.00899100899102
3ffc,3.4965034965034967
5isz,5.194805194805195
4qrp,68.23176823176823
8shi,11.488511488511488
4qrr,63.73626373626373
3mv9,5.794205794205794
3vxs,43.65634365634365
5tez,50.049950049950056
3o4l,28.771228771228774
4jry,0.1998001998001998
3vxu,87.81218781218782
2vlj,0.1998001998001998
7n1e,15.084915084915085
6vrn,82.51748251748252
8wul,20.07992007992008
7qpj,57.442557442557444
