tcr_id,epitope,reference_score,percentage_greater
2627,AVFDRKSDAK,-0.070714150138548,47.63948497854077
4527,GILGFVFTL,0.1079901658116689,1.0014306151645207
7080,KLGGALQAK,0.1183124969981819,6.723891273247497
22108,NLVPMVATV,0.0062808057183144,19.599427753934194
31292,NLVPMVATV,-0.0809222116914424,72.24606580829757
8647,KLGGALQAK,-0.0061771561771561,85.69384835479255
366,CINGVCWTV,0.0198944330523277,0.4291845493562232
12850,KLGGALQAK,0.0667896917896918,39.34191702432045
10936,KLGGALQAK,0.0570929070929071,49.92846924177397
13147,KLGGALQAK,0.0388081897253307,66.95278969957081
3391,KLGGALQAK,0.0117157974300831,81.68812589413447
15068,KLGGALQAK,0.0891857630797996,21.31616595135909
3940,IVTDFSVIK,-0.0479761904761904,17.8826895565093
23859,GILGFVFTL,0.096155313732947,1.144492131616595
19288,KLGGALQAK,0.0917277167277167,19.88555078683834
2655,KLGGALQAK,0.059434364017711,47.06723891273247
12105,KLGGALQAK,0.0928723998965296,19.170243204577968
19032,KLGGALQAK,0.042091242091242,64.2346208869814
11316,KLGGALQAK,0.0881424788528613,22.17453505007153
17514,KLGGALQAK,0.0620173477316334,43.91988555078684
16686,AYAQKIFKI,-0.2184802520876914,99.4277539341917
18715,KLGGALQAK,0.0808254035526762,26.895565092989987
15059,KLGGALQAK,0.0751410934744268,32.33190271816881
6128,KLGGALQAK,0.0979316903254907,16.165951359084406
22568,RLARLALVL,0.0049672886871728,0.0
1131,AVFDRKSDAK,-0.0756483375530994,51.78826895565093
4990,GILGFVFTL,-0.065582971146274,60.37195994277539
24789,GILGFVFTL,0.0245130530844816,11.301859799713878
3791,KLGGALQAK,0.1209401709401709,5.150214592274678
7796,KLGGALQAK,0.0651461825751097,40.629470672389125
