tcr_id,epitope,reference_score,percentage_greater
9850,KLGGALQAK,0.0010688211394332,83.8340486409156
30743,RVAGDSGFAAY,-0.0892046703977691,59.513590844062946
15766,KLGGALQAK,0.0698620020779425,35.7653791130186
9598,KLGGALQAK,0.0521013300853167,56.36623748211731
3130,IPSINVHHY,-0.1563189908688755,96.70958512160227
317,GLCTLVAML,-0.0669138629138316,39.19885550786839
13013,KLGGALQAK,0.051806700065803,56.36623748211731
4102,KLGGALQAK,0.0556687521869581,51.21602288984263
12984,KLGGALQAK,0.0477219227625731,59.513590844062946
10785,KLGGALQAK,-0.068899624250129,95.56509298998569
28885,TTDPSFLGRY,-0.042409584717277,15.736766809728184
33664,VMATRRNVL,-0.0561364365682748,21.45922746781116
17130,KLGGALQAK,0.0554497632672327,51.50214592274678
6472,GILGFVFTL,0.0467292728667353,4.148783977110158
16785,AVFDRKSDAK,-0.1972937070779687,98.8555078683834
17469,KLGGALQAK,0.0470889535987487,60.08583690987125
9587,KLGGALQAK,0.0578383061595431,49.78540772532189
1333,SLFNTVATLY,-0.1281393651503706,89.69957081545064
6641,RAKFKQLL,-0.2158730158730158,99.14163090128756
9701,KLGGALQAK,0.0861681583407774,23.74821173104435
12902,KLGGALQAK,0.1272444282677451,3.862660944206009
15381,KLGGALQAK,0.014703224610881,79.97138769670958
1216,KLGGALQAK,0.0172627453910587,78.826895565093
28831,SPRWYFYYL,-0.0768569080629558,50.07153075822603
10134,KLGGALQAK,0.0784548784548784,28.61230329041488
29510,SPRWYFYYL,-0.0376347462061747,11.301859799713878
21286,IVTDFSVIK,-0.0516242589223207,21.602288984263232
7081,KLGGALQAK,0.1365878405675377,1.859799713876967
17098,KLGGALQAK,0.0931144891974385,18.88412017167382
17611,KLGGALQAK,-0.0353331062265819,91.1301859799714
