tcr_id,epitope,reference_score,percentage_greater
5152,RAKFKQLL,-0.0890019935138944,62.66094420600859
16928,RLRAEAQVK,-0.1949794043555834,98.8555078683834
12947,KLGGALQAK,0.0516293891293891,56.50929899856938
33156,ALWEIQQVV,-0.0839762672745866,54.506437768240346
12089,KLGGALQAK,0.0832647126913579,25.17882689556509
5818,RAKFKQLL,-0.0623673335211796,35.336194563662374
12366,KLGGALQAK,0.0796411191148033,27.61087267525036
12225,KLGGALQAK,0.0423204456009885,64.2346208869814
20036,KLGGALQAK,0.0532312925170068,54.64949928469242
18275,KLGGALQAK,0.1011083257458285,13.447782546494992
33460,VMTTVLATL,-0.0791266934124077,49.78540772532189
6684,AVFDRKSDAK,-0.1037214107918463,76.96709585121603
11541,KLGGALQAK,0.0449675907008258,62.08869814020028
353,CINGVCWTV,-0.0959910546142981,67.66809728183118
3112,KLGGALQAK,0.013668430335097,80.4005722460658
21433,EAAGIGILTV,-0.069038166889819,46.3519313304721
18942,KLGGALQAK,-0.0474523559860005,94.27753934191702
23564,GILGFVFTL,-0.0040355767027743,22.46065808297568
32617,CLAVHECFV,-0.1183425705907004,84.26323319027182
33752,VMATRRNVL,-0.0882252120056998,58.51216022889842
26045,GILGFVFTL,-0.0425824175824175,42.91845493562232
31477,GLCTLVAML,-0.0333012666345999,9.72818311874106
17601,KLGGALQAK,0.0935724207182205,18.741058655221742
16828,KLGGALQAK,0.0982717018431304,15.593705293276107
33567,VMATRRNVL,-0.1122103150385312,80.4005722460658
15183,IVTDFSVIK,-0.0991010099960957,71.24463519313305
14245,KLGGALQAK,0.0974651839111566,16.452074391988557
7146,RAKFKQLL,-0.0664354630741185,39.48497854077253
19259,KLGGALQAK,0.0495178238510293,57.65379113018598
1385,ELAGIGILTV,-0.0980007577389409,73.96280400572246
