tcr_id,epitope,reference_score,percentage_greater
7638,GLCTLVAML,-0.0469147181117749,19.170243204577968
5605,KLGGALQAK,0.0824080011987144,25.464949928469245
1932,RTLNAWVKV,-0.0495504495504495,15.164520743919883
10778,KLGGALQAK,0.0793590526139173,27.75393419170243
5131,RAKFKQLL,-0.0821871382957253,56.938483547925614
16456,KLGGALQAK,0.096103036748198,17.310443490701
14289,KLGGALQAK,0.0881604506604506,22.17453505007153
5583,RAKFKQLL,-0.1078207591438785,79.11301859799714
18525,KLGGALQAK,-0.0163282107324702,87.55364806866953
14142,KLGGALQAK,-0.0136749819861774,86.98140200286123
1174,ELAGIGILTV,-0.0768875224432911,55.22174535050072
3522,KLGGALQAK,-0.0150335309257973,87.1244635193133
15304,KLGGALQAK,0.0855525595555626,24.034334763948497
33394,VMTTVLATL,-0.0569786954721156,22.46065808297568
15386,AVFDRKSDAK,-0.0768376068376068,52.78969957081545
14668,KLGGALQAK,0.1117069848885155,9.15593705293276
3753,QYDPVAALF,-0.0419000127859958,9.44206008583691
29000,SPRWYFYYL,-0.0807294552671648,54.64949928469242
889,ATDALMTGF,-0.0673395833972007,37.76824034334764
11900,KLGGALQAK,0.0808106785787744,26.895565092989987
65,GLCTLVAML,-0.0734443416870003,47.63948497854077
5405,GILGFVFTL,-0.0467958216847728,45.92274678111588
1205,KLGGALQAK,0.0424936806298442,64.2346208869814
13891,KLGGALQAK,-0.0440267335004177,93.70529327610872
26768,GILGFVFTL,-0.0758445258445258,67.23891273247496
21174,KLGGALQAK,-0.1146284271284271,98.14020028612303
10556,KLGGALQAK,0.0584515384062895,48.783977110157366
13035,KLGGALQAK,0.0955222064845268,17.59656652360515
18773,AVFDRKSDAK,-0.1060145270419807,78.39771101573677
404,CINGVCWTV,0.0283882783882783,0.2861230329041487
