tcr_id,epitope,reference_score,percentage_greater
25972,SPRWYFYYL,-0.0565636977401683,26.609442060085836
14380,KLGGALQAK,-0.0867846678828915,96.99570815450645
29772,YLQPRTFLL,-0.026925589567654,11.444921316165953
7650,KLGGALQAK,0.079959108991367,27.467811158798284
33264,MTLHGHMMY,-0.0910254965711931,61.37339055793991
19970,IVTDFSVIK,-0.146188409818831,95.42203147353362
12268,KLGGALQAK,0.0419838615490789,64.2346208869814
23591,GILGFVFTL,-0.0772341415198558,68.24034334763948
7204,RLRAEAQVK,-0.1415512494737701,94.84978540772532
8610,KLGGALQAK,-0.1239331429679045,98.28326180257513
11460,KLGGALQAK,0.1151285052206711,7.582260371959943
23512,GILGFVFTL,-0.066958067812105,61.08726752503576
26683,GILGFVFTL,-0.0533350409192575,50.21459227467812
18817,KLGGALQAK,0.0694177310378951,36.194563662374826
5216,RAKFKQLL,-0.0478156195851356,21.45922746781116
15311,KLGGALQAK,0.0284574523704958,73.24749642346208
16483,KLGGALQAK,0.1112973678307524,9.298998569384835
32967,IMLCCMTSC,-0.0510415739523797,16.88125894134478
6200,KLGGALQAK,0.023993345835451,76.5379113018598
28942,TTDPSFLGRY,-0.0346107153794827,11.015736766809727
15461,KLGGALQAK,0.0327153005724434,70.81545064377683
7908,KLGGALQAK,0.0335497835497835,70.24320457796853
13602,KLGGALQAK,0.0567765567765567,50.21459227467812
10160,KLGGALQAK,0.0520926740449271,56.36623748211731
22012,GILGFVFTL,0.1737238889542445,0.1430615164520743
6370,KLGGALQAK,0.0662496055487974,39.77110157367668
8081,KLGGALQAK,0.0989786352020964,15.164520743919883
2932,RAKFKQLL,0.1032171265021671,0.1430615164520743
4486,GILGFVFTL,-0.1601918546014779,98.4263233190272
3368,LLDFVRFMGV,-0.0325518629388745,5.150214592274678
