tcr_id,epitope,reference_score,percentage_greater
30210,NTNSSPDDQIGYY,-0.0593417597351507,25.608011444921313
1932,RTLNAWVKV,-0.0495504495504495,15.164520743919883
32576,MMISAGFSL,-0.0283882783882783,3.5765379113018603
31748,TALALLLLD,-0.0958026908885812,66.09442060085837
32316,TMADLVYAL,-0.0843102412375597,54.7925608011445
33095,KWPWYIWLG,-0.0692533803644914,37.76824034334764
32724,HLLLVAAGL,-0.0856629842045709,55.36480686695279
31859,ALWEIQQVV,-0.0806239913932221,51.21602288984263
32680,LLLEWLAMA,-0.1659272825939493,97.99713876967095
31752,DQVILLNKH,-0.0830350768224245,54.07725321888413
32862,FVLAAVYRI,-0.0715223238300161,41.77396280400572
32869,RYRIGNYKL,-0.0713216894080484,41.3447782546495
32436,SLINTLNDL,-0.0681033961521766,36.194563662374826
32346,FLCLFLLPS,-0.0925760899121351,63.23319027181689
33064,FLPFFSDVT,-0.1030715863198279,73.8197424892704
32716,FLCWHTNCY,-0.0553718361410669,21.030042918454935
31786,YHGAIKLDD,-0.1086996325774144,78.11158798283262
30992,YPDKVFRSSV,-0.1107085898398831,79.25608011444922
32725,IPIQASLPF,-0.0714868042162153,41.77396280400572
32259,MPLSAPTLL,-0.0516758447713594,17.453505007153076
31947,FLNGSCGSV,-0.1070457098310367,76.25178826895565
32897,QWNLVIGFL,-0.07141403569975,41.63090128755365
31852,SMWALVISV,-0.0243627394090347,2.1459227467811157
28807,MEVTPSGTWL,-0.0816274126612271,52.78969957081545
32777,SPIFRIVAA,-0.0854305175655911,55.36480686695279
21652,EIFDRYGEEV,-0.0473026973026973,12.3032904148784
32421,YLGGMSYYC,-0.0585789871504157,25.035765379113016
29728,FMPDFDLHL,-0.0725314368171511,42.06008583690987
32418,KLQFTSLEI,-0.1052152244666498,75.3934191702432
32985,LITGRLQSL,-0.0853477493022424,55.36480686695279
