pdb_id,cognate_epitope_rank
8dnt,19.980019980019982
8f5a,46.353646353646354
1mi5,2.5974025974025974
5eu6,96.8031968031968
3ffc,8.49150849150849
5isz,48.95104895104895
4qrp,2.797202797202797
4qrr,57.84215784215784
3mv9,12.387612387612387
3vxs,10.38961038961039
5tez,94.30569430569432
3o4l,26.573426573426573

2vlj,2.197802197802198
7n1e,10.88911088911089
6vrn,70.62937062937063

7qpj,51.64835164835166

4jry,20.37962037962038
8wul,26.373626373626376