tcr_id_reference,percentage_lower
8ryn,29.655172413793103
8ryo,56.55172413793104
8rym,54.861111111111114
8rro,71.72413793103448
8rlv,10.48951048951049
8rlt,22.916666666666664
8rlu,25.174825174825177
8ryp,20.0
8ye4,78.62068965517241
8ryq,24.82758620689655
