tcr_id,epitope,reference_score,percentage_greater
5152,RAKFKQLL,1.8536346e-05,68.81258941344778
16928,RLRAEAQVK,0.010582779,72.67525035765378
12947,KLGGALQAK,0.0034595516,50.92989985693849
33156,ALWEIQQVV,0.0069131553,50.786838340486405
12089,KLGGALQAK,0.00036562677,71.5307582260372
5818,RAKFKQLL,8.3129395e-05,54.506437768240346
12366,KLGGALQAK,0.0015324025,56.79542203147353
12225,KLGGALQAK,0.0007426816,65.80829756795423
20036,KLGGALQAK,0.90931016,10.872675250357654
18275,KLGGALQAK,0.97837615,7.296137339055794
33460,VMTTVLATL,0.032073688,42.34620886981402
6684,AVFDRKSDAK,0.0032278372,88.12589413447782
11541,KLGGALQAK,0.016208239,38.91273247496424
353,CINGVCWTV,6.4181904e-08,87.98283261802575
3112,KLGGALQAK,0.00028343036,73.8197424892704
21433,EAAGIGILTV,4.27312e-06,86.83834048640917
18942,KLGGALQAK,0.9202897,11.158798283261802
23564,GILGFVFTL,2.7908686e-07,91.41630901287554
32617,CLAVHECFV,0.009904426,64.66380543633763
33752,VMATRRNVL,0.047582038,44.06294706723891
26045,GILGFVFTL,0.00042056316,22.889842632331906
31477,GLCTLVAML,7.468239e-06,51.50214592274678
17601,KLGGALQAK,9.563873e-05,82.689556509299
16828,KLGGALQAK,0.09233936,31.187410586552215
33567,VMATRRNVL,2.8376386e-05,96.42346208869814
15183,IVTDFSVIK,0.02252911,24.892703862660944
14245,KLGGALQAK,0.051052224,34.33476394849785
7146,RAKFKQLL,0.10334445,4.291845493562231
19259,KLGGALQAK,0.004242326,48.497854077253216
1385,ELAGIGILTV,0.0005760816,80.82975679542204
