tcr_id,epitope,reference_score,percentage_greater
2627,AVFDRKSDAK,0.9071714,4.005722460658083
4527,GILGFVFTL,0.8762474,0.2861230329041487
7080,KLGGALQAK,0.988898,5.7224606580829755
22108,NLVPMVATV,0.0035815716,34.90701001430615
31292,NLVPMVATV,0.24695727,10.44349070100143
8647,KLGGALQAK,5.9950613e-05,85.97997138769671
366,CINGVCWTV,1.2421867e-07,83.8340486409156
12850,KLGGALQAK,0.0056980406,48.06866952789699
10936,KLGGALQAK,0.9908059,5.293276108726753
13147,KLGGALQAK,0.05284206,33.190271816881264
3391,KLGGALQAK,4.279658e-05,88.12589413447782
15068,KLGGALQAK,0.013074451,41.3447782546495
3940,IVTDFSVIK,0.0076264306,35.050071530758224
23859,GILGFVFTL,0.9977053,0.0
19288,KLGGALQAK,0.97796816,7.582260371959943
2655,KLGGALQAK,0.002772542,52.5035765379113
12105,KLGGALQAK,0.33331478,22.317596566523605
19032,KLGGALQAK,0.98390734,6.151645207439199
11316,KLGGALQAK,0.24860686,25.464949928469245
17514,KLGGALQAK,0.928696,9.871244635193133
16686,AYAQKIFKI,1.6564847e-05,99.71387696709584
18715,KLGGALQAK,0.71503174,16.165951359084406
15059,KLGGALQAK,0.7514111,15.736766809728184
6128,KLGGALQAK,0.14324045,29.32761087267525
22568,RLARLALVL,0.010554746,54.36337625178827
1131,AVFDRKSDAK,0.5916444,19.313304721030043
4990,GILGFVFTL,2.7864331e-05,48.354792560801144
24789,GILGFVFTL,0.0111618405,7.296137339055794
3791,KLGGALQAK,5.142475e-06,96.5665236051502
7796,KLGGALQAK,5.3816933e-07,98.99856938483548
