tcr_id,epitope,reference_score,percentage_greater
7638,GLCTLVAML,2.5390696e-05,40.05722460658083
5605,KLGGALQAK,0.9862963,6.151645207439199
1932,RTLNAWVKV,0.0055955765,16.165951359084406
10778,KLGGALQAK,0.0016706318,58.0829756795422
5131,RAKFKQLL,0.0006316102,34.0486409155937
16456,KLGGALQAK,2.8250372e-05,91.5593705293276
14289,KLGGALQAK,0.92071354,11.444921316165953
5583,RAKFKQLL,5.6324047e-06,81.68812589413447
18525,KLGGALQAK,0.9119566,11.301859799713878
14142,KLGGALQAK,0.00026522702,75.82260371959943
1174,ELAGIGILTV,0.013538872,46.065808297567955
3522,KLGGALQAK,0.115671776,29.6137339055794
15304,KLGGALQAK,0.0010156846,62.231759656652365
33394,VMTTVLATL,0.00046965067,84.26323319027182
15386,AVFDRKSDAK,0.6379286,16.452074391988557
14668,KLGGALQAK,0.00027880527,75.3934191702432
3753,QYDPVAALF,9.759369e-05,74.67811158798283
29000,SPRWYFYYL,2.0150062e-06,56.36623748211731
889,ATDALMTGF,1.283857e-06,24.177396280400572
11900,KLGGALQAK,0.00029793146,73.53361945636624
65,GLCTLVAML,2.0083306e-07,84.83547925608012
5405,GILGFVFTL,0.0004998406,21.17310443490701
1205,KLGGALQAK,0.041462045,34.19170243204578
13891,KLGGALQAK,0.003436828,49.49928469241774
26768,GILGFVFTL,1.2788938e-05,55.07868383404863
21174,KLGGALQAK,0.00042795663,71.10157367668097
10556,KLGGALQAK,8.906483e-06,94.84978540772532
13035,KLGGALQAK,0.00013250184,82.26037195994277
18773,AVFDRKSDAK,0.18551403,43.34763948497854
404,CINGVCWTV,8.6428656e-05,26.46638054363376
