tcr_id,epitope,reference_score,percentage_greater
25972,SPRWYFYYL,6.023424e-08,83.54792560801144
14380,KLGGALQAK,0.0005879189,65.95135908440629
29772,YLQPRTFLL,1.2002856e-06,24.892703862660944
7650,KLGGALQAK,0.00057700265,67.38197424892704
33264,MTLHGHMMY,0.085375436,23.17596566523605
19970,IVTDFSVIK,0.21167117,11.444921316165953
12268,KLGGALQAK,0.05961324,33.61945636623748
23591,GILGFVFTL,4.1636824e-05,42.77539341917024
7204,RLRAEAQVK,0.0035683196,80.25751072961373
8610,KLGGALQAK,0.0001118047,82.689556509299
11460,KLGGALQAK,0.9987741,2.1459227467811157
23512,GILGFVFTL,0.000632308,20.88698140200286
26683,GILGFVFTL,3.5506914e-06,69.8140200286123
18817,KLGGALQAK,0.002008597,54.22031473533619
5216,RAKFKQLL,0.018630225,12.3032904148784
15311,KLGGALQAK,0.12623549,28.898426323319025
16483,KLGGALQAK,0.0005150219,67.66809728183118
32967,IMLCCMTSC,0.79509753,5.579399141630901
6200,KLGGALQAK,6.089684e-06,96.42346208869814
28942,TTDPSFLGRY,1.0693404e-06,97.13876967095852
15461,KLGGALQAK,0.23277482,25.75107296137339
7908,KLGGALQAK,0.00014572857,80.68669527896995
13602,KLGGALQAK,0.00065448915,67.23891273247496
10160,KLGGALQAK,0.00024275536,76.10872675250357
22012,GILGFVFTL,1.8002394e-05,53.648068669527895
6370,KLGGALQAK,0.016775373,39.05579399141631
8081,KLGGALQAK,7.373552e-07,99.14163090128756
2932,RAKFKQLL,0.00047992606,35.908440629470675
4486,GILGFVFTL,0.23358919,2.0028612303290414
3368,LLDFVRFMGV,1.930604e-06,94.70672389127324
