tcr_id,epitope,reference_score,percentage_greater
9850,KLGGALQAK,0.00029708762,75.3934191702432
30743,RVAGDSGFAAY,0.0051776464,50.07153075822603
15766,KLGGALQAK,0.000433887,69.241773962804
9598,KLGGALQAK,0.9714243,8.011444921316166
3130,IPSINVHHY,0.0029539706,27.467811158798284
317,GLCTLVAML,9.083228e-09,97.56795422031472
13013,KLGGALQAK,0.41795942,21.030042918454935
4102,KLGGALQAK,0.4429746,21.31616595135909
12984,KLGGALQAK,0.00082117104,64.8068669527897
10785,KLGGALQAK,7.773904e-05,85.40772532188842
28885,TTDPSFLGRY,7.013692e-05,77.82546494992847
33664,VMATRRNVL,0.0003643036,88.55507868383404
17130,KLGGALQAK,0.002436056,52.93276108726752
6472,GILGFVFTL,0.021048049,5.7224606580829755
16785,AVFDRKSDAK,0.056308974,61.945636623748214
17469,KLGGALQAK,0.47513053,20.45779685264664
9587,KLGGALQAK,0.0016390053,56.08011444921315
1333,SLFNTVATLY,0.7269935,1.2875536480686696
6641,RAKFKQLL,1.7616832e-05,69.241773962804
9701,KLGGALQAK,0.0022265182,54.64949928469242
12902,KLGGALQAK,0.07988247,31.902718168812587
15381,KLGGALQAK,0.10719651,30.61516452074392
1216,KLGGALQAK,0.6557002,17.739628040057227
28831,SPRWYFYYL,1.732728e-07,77.39628040057225
10134,KLGGALQAK,0.00064476865,68.0972818311874
29510,SPRWYFYYL,2.6475793e-05,30.61516452074392
21286,IVTDFSVIK,6.497331e-05,82.40343347639485
7081,KLGGALQAK,0.9641962,9.298998569384835
17098,KLGGALQAK,0.0013285556,58.51216022889842
17611,KLGGALQAK,0.08248896,32.04577968526466
