tcr_id,epitope,reference_score,percentage_greater
1072,RMFPNAPYL,0.000526072,14.449213161659513
53,GLCTLVAML,3.0103038e-05,36.05150214592275
1161,LLDFVRFMGV,4.5797115e-06,90.84406294706724
32686,VPHHVVATV,0.00042619585,78.39771101573677
21463,AAGIGILTV,0.00039165665,81.97424892703863
21367,HMTEVVRHC,0.09201832,17.453505007153076
32091,VMVELVAEL,1.6649868e-07,91.27324749642347
31774,KDNVILLNK,0.33851272,20.314735336194563
32299,TSAMQTMLF,0.0016821208,57.5107296137339
21390,KLYGLDWAEL,0.016406694,41.9170243204578
32357,FLLPSLATV,0.012998754,37.76824034334764
31791,RLNQLESKM,0.14466728,25.321888412017167
32090,TLMNVLTLV,0.3055296,24.892703862660944
32367,VMYASAVVL,0.0013577194,82.54649499284692
30556,DTDFVNEFY,7.673033e-05,72.67525035765378
29733,TEDEHFEFY,0.026335336,12.875536480686694
30998,FAMQMAYRF,6.570514e-06,69.8140200286123
32584,FVAAIFYLI,0.11697616,11.874105865522175
32146,SMQNCVLKL,0.074663594,37.19599427753934
1190,CYTWNQMNL,0.15123455,29.0414878397711
32449,MLNPNYEDL,0.0041530556,60.80114449213162
31736,IKLDDKDPQ,5.930772e-05,92.27467811158799
723,RAQAPPPSW,0.1456128,8.583690987124463
32592,STQWSLFFF,0.0012671249,65.379113018598
32486,FVCDNIKFA,0.07905255,33.76251788268956
33341,VMTTVLATL,3.0973831e-06,98.71244635193133
32340,TIVEVQPQL,0.0040617613,54.220314735336196
32811,YTVSCLPFT,0.051654946,61.23032904148784
2685,FLRGRAYGL,0.00034126302,18.59799713876967
32210,QPGQTFSVL,2.8617542e-05,86.98140200286123
