tcr_id,epitope,reference_score,percentage_greater
25972,SPRWYFYYL,0.8600713610649109,71.24463519313305
14380,KLGGALQAK,0.5522743463516235,85.55078683834049
29772,YLQPRTFLL,0.9208093285560608,59.7997138769671
7650,KLGGALQAK,0.8605933785438538,74.2489270386266
33264,MTLHGHMMY,0.9999933242797852,13.161659513590845
19970,IVTDFSVIK,0.0002401260426267,99.71387696709584
12268,KLGGALQAK,0.7805590629577637,78.6838340486409
23591,GILGFVFTL,0.0001235691888723,81.83118741058655
7204,RLRAEAQVK,0.9999592304229736,15.879828326180256
8610,KLGGALQAK,0.9314756393432616,66.23748211731044
11460,KLGGALQAK,0.9762883186340332,56.08011444921315
23512,GILGFVFTL,0.0003334125503897,73.24749642346208
26683,GILGFVFTL,0.9813551306724548,2.861230329041488
18817,KLGGALQAK,0.9923270344734192,42.77539341917024
5216,RAKFKQLL,0.9999986886978148,5.7224606580829755
15311,KLGGALQAK,0.884872555732727,71.95994277539342
16483,KLGGALQAK,0.9950863718986512,38.91273247496424
32967,IMLCCMTSC,0.6260904669761658,75.53648068669528
6200,KLGGALQAK,0.9241977334022522,67.0958512160229
28942,TTDPSFLGRY,3.1811546250537504e-06,99.4277539341917
15461,KLGGALQAK,0.9999402761459352,8.297567954220316
7908,KLGGALQAK,0.9986166954040528,26.180257510729614
13602,KLGGALQAK,0.9999818801879884,6.008583690987124
10160,KLGGALQAK,0.5225591063499451,86.98140200286123
22012,GILGFVFTL,0.0036882613785564,53.79113018597997
6370,KLGGALQAK,0.7403478622436523,80.25751072961373
8081,KLGGALQAK,0.9999940395355223,3.4334763948497855
2932,RAKFKQLL,0.9396100044250488,54.22031473533619
4486,GILGFVFTL,5.581679829447239e-07,98.56938483547926
3368,LLDFVRFMGV,0.997732639312744,28.040057224606574
