tcr_id,epitope,reference_score,percentage_greater
5152,RAKFKQLL,0.9999986886978148,5.7224606580829755
16928,RLRAEAQVK,0.9342026114463806,60.51502145922747
12947,KLGGALQAK,0.9999370574951172,8.583690987124463
33156,ALWEIQQVV,0.8371104001998901,66.52360515021459
12089,KLGGALQAK,0.991862177848816,43.34763948497854
5818,RAKFKQLL,1.0,0.0
12366,KLGGALQAK,0.1108917891979217,95.56509298998569
12225,KLGGALQAK,0.788611650466919,78.39771101573677
20036,KLGGALQAK,0.8151726126670837,76.5379113018598
18275,KLGGALQAK,0.9998488426208496,13.01859799713877
33460,VMTTVLATL,0.2971442639827728,94.4206008583691
6684,AVFDRKSDAK,0.9996464252471924,16.595135908440632
11541,KLGGALQAK,0.9974682331085204,31.759656652360512
353,CINGVCWTV,0.7084004282951355,37.05293276108726
3112,KLGGALQAK,0.7254676222801208,80.82975679542204
21433,EAAGIGILTV,0.8404595851898193,10.300429184549357
18942,KLGGALQAK,0.9999994039535522,1.5736766809728182
23564,GILGFVFTL,8.027259923437668e-07,97.56795422031472
32617,CLAVHECFV,0.7849960327148438,70.24320457796853
33752,VMATRRNVL,0.962956964969635,65.80829756795423
26045,GILGFVFTL,0.0028792666271328,57.08154506437768
31477,GLCTLVAML,0.0366249419748783,57.36766809728183
17601,KLGGALQAK,0.9339430928230286,65.95135908440629
16828,KLGGALQAK,0.9823572635650636,52.36051502145923
33567,VMATRRNVL,0.9993438124656676,36.33762517882689
15183,IVTDFSVIK,0.9803829193115234,60.51502145922747
14245,KLGGALQAK,0.9991816878318788,22.46065808297568
7146,RAKFKQLL,0.6770778298377991,66.95278969957081
19259,KLGGALQAK,0.9924651384353638,42.77539341917024
1385,ELAGIGILTV,0.3071135878562927,34.763948497854074
