tcr_id,epitope,reference_score,percentage_greater
2627,AVFDRKSDAK,0.2902408540248871,85.97997138769671
4527,GILGFVFTL,0.9990610480308532,1.5736766809728182
7080,KLGGALQAK,0.9880983233451844,47.06723891273247
22108,NLVPMVATV,0.7626568078994751,0.8583690987124464
31292,NLVPMVATV,0.0023046503774821,27.896995708154503
8647,KLGGALQAK,0.9999997615814208,1.144492131616595
366,CINGVCWTV,0.0016400838503614,81.11587982832617
12850,KLGGALQAK,0.9999954700469972,3.1473533619456364
10936,KLGGALQAK,0.4677747189998626,87.55364806866953
13147,KLGGALQAK,0.8097657561302185,77.1101573676681
3391,KLGGALQAK,0.7282454371452332,80.4005722460658
15068,KLGGALQAK,0.9982370138168336,28.040057224606574
3940,IVTDFSVIK,0.0139674600213766,96.28040057224608
23859,GILGFVFTL,0.9999808073043824,0.4291845493562232
19288,KLGGALQAK,0.9956154823303224,37.62517882689557
2655,KLGGALQAK,0.8327772617340088,76.10872675250357
12105,KLGGALQAK,0.959495484828949,61.51645207439199
19032,KLGGALQAK,0.9999862909317015,4.86409155937053
11316,KLGGALQAK,0.863886296749115,74.2489270386266
17514,KLGGALQAK,0.999776303768158,15.30758226037196
16686,AYAQKIFKI,0.7596836686134338,59.2274678111588
18715,KLGGALQAK,6.024646609148476e-06,99.85693848354794
15059,KLGGALQAK,0.9999715089797974,7.0100143061516444
6128,KLGGALQAK,0.8189973831176758,76.39484978540773
22568,RLARLALVL,0.9998735189437866,18.59799713876967
1131,AVFDRKSDAK,0.9871959686279296,41.77396280400572
4990,GILGFVFTL,0.016130132600665,38.62660944206009
24789,GILGFVFTL,0.005374951288104,50.786838340486405
3791,KLGGALQAK,0.7525065541267395,80.11444921316166
7796,KLGGALQAK,0.989384114742279,46.20886981402003
