tcr_id,epitope,reference_score,percentage_greater
7638,GLCTLVAML,0.5906200408935547,26.46638054363376
5605,KLGGALQAK,0.955415904521942,61.659513590844064
1932,RTLNAWVKV,0.9998145699501038,5.150214592274678
10778,KLGGALQAK,1.0,0.0
5131,RAKFKQLL,0.3392450511455536,75.10729613733905
16456,KLGGALQAK,0.995896816253662,36.76680972818312
14289,KLGGALQAK,0.0935685485601425,95.56509298998569
5583,RAKFKQLL,0.111208751797676,81.40200286123033
18525,KLGGALQAK,0.9919689297676086,43.204577968526465
14142,KLGGALQAK,0.3271144926548004,91.5593705293276
1174,ELAGIGILTV,0.6470021605491638,26.895565092989987
3522,KLGGALQAK,0.0689270049333572,96.137339055794
15304,KLGGALQAK,0.6225272417068481,83.2618025751073
33394,VMTTVLATL,0.9999988079071044,9.871244635193133
15386,AVFDRKSDAK,0.3658472299575805,83.8340486409156
14668,KLGGALQAK,0.9055767059326172,68.81258941344778
3753,QYDPVAALF,7.599622335874301e-07,98.99856938483548
29000,SPRWYFYYL,0.9998063445091248,17.310443490701
889,ATDALMTGF,0.9999669790267944,4.57796852646638
11900,KLGGALQAK,0.7686011791229248,79.39914163090128
65,GLCTLVAML,0.9999992847442628,0.5722460658082975
5405,GILGFVFTL,0.0183958560228347,36.9098712446352
1205,KLGGALQAK,0.4958972632884979,87.55364806866953
13891,KLGGALQAK,0.9907897710800172,44.77825464949928
26768,GILGFVFTL,6.891569501021877e-05,85.12160228898426
21174,KLGGALQAK,0.9271579384803772,66.80972818311875
10556,KLGGALQAK,0.9989051818847656,25.035765379113016
13035,KLGGALQAK,0.8631168007850647,74.2489270386266
18773,AVFDRKSDAK,0.999948024749756,9.871244635193133
404,CINGVCWTV,0.8349595069885254,32.761087267525035
