tcr_id,epitope,reference_score,percentage_greater
9850,KLGGALQAK,0.9996380805969238,18.025751072961373
30743,RVAGDSGFAAY,0.9999462366104126,14.73533619456366
15766,KLGGALQAK,0.7690724730491638,79.39914163090128
9598,KLGGALQAK,0.5914304256439209,84.4062947067239
3130,IPSINVHHY,0.997373342514038,15.879828326180256
317,GLCTLVAML,0.9938486218452454,6.008583690987124
13013,KLGGALQAK,0.9975706934928894,31.330472103004293
4102,KLGGALQAK,0.9999645948410034,7.582260371959943
12984,KLGGALQAK,0.9706745147705078,58.0829756795422
10785,KLGGALQAK,0.8167151808738708,76.5379113018598
28885,TTDPSFLGRY,0.92767995595932,53.21888412017167
33664,VMATRRNVL,0.0490675419569015,93.27610872675253
17130,KLGGALQAK,0.8080211877822876,77.1101573676681
6472,GILGFVFTL,0.9994567036628724,1.2875536480686696
16785,AVFDRKSDAK,0.9318010807037354,60.65808297567954
17469,KLGGALQAK,0.9997984766960144,14.592274678111588
9587,KLGGALQAK,0.9502078890800476,63.23319027181689
1333,SLFNTVATLY,0.6417254209518433,65.52217453505007
6641,RAKFKQLL,0.067731387913227,83.2618025751073
9701,KLGGALQAK,0.9859007000923156,49.64234620886982
12902,KLGGALQAK,0.0097003290429711,98.56938483547926
15381,KLGGALQAK,0.8100180625915527,77.1101573676681
1216,KLGGALQAK,0.990468442440033,45.06437768240343
28831,SPRWYFYYL,0.2578283250331878,86.55221745350501
10134,KLGGALQAK,0.3991173207759857,88.98426323319028
29510,SPRWYFYYL,0.9999651908874512,9.298998569384835
21286,IVTDFSVIK,0.9994699358940125,32.474964234620884
7081,KLGGALQAK,0.5308733582496643,86.69527896995707
17098,KLGGALQAK,0.6672658324241638,82.689556509299
17611,KLGGALQAK,0.9979419112205504,29.470672389127323
