tcr_id,percentage_lower
8ryn,48.96551724137931
8ryo,31.724137931034484
8rym,31.944444444444443
8rro,80.6896551724138
8rlv,3.4965034965034967
8rlt,9.722222222222223
8rlu,6.993006993006993
8ryp,31.724137931034484
8ye4,93.10344827586206
8ryq,11.724137931034482
