tcr_id_reference,percentage_lower
3kxf,8.98716119828816
6bj3,38.319088319088316
5men,18.06543385490754
6rsy,47.86931818181818
5d2l,0.0
