tcr_id,epitope,reference_score,percentage_greater
32139,KLDGFMGRI,0.9436061978340148,67.52503576537912
32785,ELYHYQECV,0.3818498849868774,66.38054363376253
31990,RAMPNMLRI,0.974961757659912,30.47210300429185
33237,VVVGAVGVGK,0.9253609776496888,62.517882689556515
32350,GIIAMSAFA,0.9992175102233888,26.609442060085836
32036,LTNDNTSRY,0.994265615940094,53.934191702432045
32240,APLLSAGVF,0.9999998807907104,0.0
32428,NTLQCIMLV,0.99944406747818,10.300429184549357
1184,LLFGYPVYV,0.671088457107544,55.36480686695279
30079,TEVETYVL,0.9999985694885254,1.430615164520744
34506,APARLERRHSA,0.1281239837408065,76.25178826895565
30081,LTDEMIAQY,0.1550951153039932,78.39771101573677
33013,YQDVNCTEV,0.4529778063297272,51.359084406294706
32980,LPDDFMGCV,0.9546340703964232,52.64663805436338
32255,NPTIQKNVL,0.7176769375801086,69.67095851216023
33032,WPWYIWLGF,0.3828451931476593,63.37625178826896
33075,FIAGLIAIV,0.9993554949760436,33.33333333333333
1276,AYAQKIFKI,0.2572619318962097,72.53218884120172
31994,LMCQPILLL,0.998422384262085,26.03719599427754
31760,LPNNTASWF,0.999976634979248,13.733905579399142
33149,RVVVLSFEL,0.6503457427024841,85.97997138769671
32774,FAFACPDGV,0.999972939491272,9.012875536480689
32098,AMQTMLFTM,0.792861819267273,63.805436337625174
1010,KLGGALQAK,0.9998595714569092,12.875536480686694
22561,AAFKRSCLK,0.976262867450714,49.49928469241774
32841,FLAFVVFLL,0.0567558258771896,93.27610872675253
32222,VPYFNMVYM,0.9099166393280028,34.19170243204578
32061,SVLYYQNNV,0.5448078513145447,68.0972818311874
33318,ALLPGLPAA,0.9974047541618348,34.19170243204578
29735,FLIYLDVSV,0.9999994039535522,5.579399141630901
