pdb_id,cognate_epitope_rank
8dnt,35.86413586413587
8f5a,5.094905094905095
1mi5,9.39060939060939
5eu6,26.47352647352647
3ffc,31.46853146853147
5isz,1.098901098901099
4qrp,0.8991008991008992
8shi,21.37862137862138
4qrr,2.697302697302697
3mv9,0.1998001998001998
3vxs,43.35664335664335
5tez,13.186813186813188
3o4l,73.02697302697302
4jry,8.391608391608392
3vxu,35.264735264735265
2vlj,0.1998001998001998
7n1e,1.2987012987012987
6vrn,94.8051948051948
8wul,62.33766233766234
7qpj,85.3146853146853
