pdb_id,cognate_epitope_rank
4qrr,69.63036963036963
4qrp,18.78121878121878
3ffc,5.294705294705294
5isz,11.188811188811188
8f5a,34.16583416583416
8dnt,21.77822177822178
1mi5,7.492507492507492
5eu6,95.4045954045954
8wul,9.59040959040959
7qpj,61.13886113886113
6vrn,89.91008991008991
2vlj,0.3996003996003996
7n1e,9.990009990009991
4jry,0.999000999000999
3o4l,46.553446553446555
3vxs,30.869130869130867
3mv9,3.996003996003996
5tez,47.052947052947054
