tcr_id,epitope,reference_score,percentage_greater
1016,IVTDFSVIK,0.6089916825294495,81.54506437768241
21410,KLFEFLVYGV,0.9996386766433716,29.6137339055794
32953,FLHVTYVPA,0.999707043170929,25.321888412017167
32145,GLALYYPSA,0.9988240599632264,32.474964234620884
32401,AIILASFSA,0.2401370853185653,75.25035765379113
33049,KQLSSNFGA,0.99722421169281,28.469241773962807
33086,VLNDILSRL,0.9999998807907104,3.290414878397711
32308,LMNVLTLVY,0.9974494576454164,33.76251788268956
764,RLGPVQNEV,0.4564793705940246,66.52360515021459
32215,IPTITQMNL,0.9894753694534302,25.894134477825464
33472,VMATRRNVL,0.9946751594543456,51.50214592274678
33256,MTLHGHMMY,0.998424768447876,49.35622317596567
32667,SGGGETALA,0.703781008720398,75.67954220314735
32382,RTIKVFTTV,0.9995689988136292,26.03719599427754
33050,YGFQPTNGV,0.9989651441574096,25.464949928469245
1333,SLFNTVATLY,0.6417254209518433,65.52217453505007
1037,RAKFKQLL,0.0887926891446113,82.689556509299
21448,APRGPHGGAASGL,1.4729003794400342e-08,92.274678111588
31880,RQLLFVVEV,2.348758698644815e-06,98.4263233190272
32508,LPGCDGGSL,0.0406285040080547,70.9585121602289
31905,YVWKSYVHV,0.9758386015892028,35.908440629470675
32560,WMVMFTPLV,0.0056851655244827,86.83834048640917
32447,SMMILSDDA,0.9555233120918274,47.78254649499284
30362,RVAGDSGFAAY,0.6871894598007202,83.2618025751073
32737,FVTVYSHLL,0.0017404807731509,95.99427753934192
21442,KASEKIFYV,0.9045308232307434,44.20600858369099
1199,SLLMWITQV,0.0058811162598431,71.10157367668097
21404,ALSPVIPHI,0.9952902793884276,38.91273247496424
30610,VYIGDPAQL,0.9958518743515016,37.911301859799714
32448,TLMNVITLV,0.9339978098869324,57.93991416309014
