pdb_id,cognate_epitope_rank
8dnt,23.776223776223777
8f5a,3.796203796203796
1mi5,1.7982017982017984
5eu6,37.56243756243756
3ffc,47.25274725274725
5isz,29.07092907092907
4qrp,13.586413586413586
4qrr,5.4945054945054945
3mv9,1.4985014985014986
3vxs,17.582417582417584
5tez,52.247752247752246
3o4l,71.82817182817183
4jry,22.977022977022976
2vlj,1.098901098901099
7n1e,19.68031968031968
6vrn,89.41058941058941
8wul,27.472527472527474
7qpj,87.51248751248751
