tcr_id_reference,percentage_lower
8ryn,49.6551724137931
8ryo,57.24137931034483
8rym,55.55555555555556
8rro,87.58620689655172
8rlv,30.76923076923077
8rlt,36.11111111111111
8rlu,38.46153846153847
8ryp,34.48275862068966
8ye4,78.62068965517241
8ryq,34.48275862068966
