tcr_id,epitope,reference_score,percentage_greater
22626,HPNGYKSLSTL,0.013352471,22.317596566523605
30576,AEVQIDRLI,0.0036933338,62.08869814020028
1648,KVLEYVIKV,0.048062008,29.0414878397711
31726,LLNKHIDAY,0.00013875555,78.11158798283262
183,DATYQRTRALVR,2.4608087e-06,71.95994277539342
32907,YANRNRFLY,3.3366262e-06,93.99141630901288
29719,TLWCSPIKV,0.2721432,14.735336194563661
32214,MPYFFTLLL,0.00064162584,40.915593705293276
1011,ELAGIGILTV,0.03854037,35.050071530758224
5,HPVGEADYFEY,6.821431e-07,71.5307582260372
20861,SLYNTVATLY,0.0036670398,41.201716738197426
32766,LIIMRTFKV,6.8402583e-06,94.4206008583691
32159,ALNLGETFV,0.0051921755,60.51502145922747
31004,MLAKALRKV,0.00025987506,90.27181688125894
32977,NSTRFASVY,0.010542946,38.054363376251786
32149,TTIQTIVEV,0.09458257,28.32618025751073
32525,VMHANYIFW,0.0029069837,47.06723891273247
33158,GLMWLSYFV,0.00034797055,78.11158798283262
32182,FITESKPSV,0.0028532366,73.53361945636624
72,CVNGSCFTV,6.577188e-05,52.21745350500715
520,KSKRTPMGF,0.00056255894,67.52503576537912
32786,ELYSPIFLI,0.0083578965,44.92131616595136
32088,VLSFCAFAV,0.00057478424,77.6824034334764
32431,CLTPVYSFL,0.009073429,43.490701001430615
21372,GADGVGKSAL,0.0016330098,60.51502145922747
32987,LPDDFTGCV,0.4672163,2.7181688125894135
32482,FLNKVVSTT,8.2061706e-05,90.70100143061516
32532,TFTYASALW,0.1841326,20.74391988555079
31333,YSEHPTFTSQY,4.574874e-07,73.6766809728183
33243,AVGVGKSAL,0.0006049371,79.54220314735336
