tcr_id,epitope,reference_score,percentage_greater
22626,HPNGYKSLSTL,-0.0268398268398268,2.861230329041488
30576,AEVQIDRLI,-0.0164021164021164,0.8583690987124464
1648,KVLEYVIKV,-0.0764957264957265,46.49499284692418
31726,LLNKHIDAY,-0.0776105562110763,47.92560801144492
183,DATYQRTRALVR,-0.1236387069720403,88.2689556509299
32907,YANRNRFLY,-0.1490188087603883,95.99427753934192
29719,TLWCSPIKV,-0.0210884353741496,2.0028612303290414
32214,MPYFFTLLL,-0.0771645021645021,47.35336194563662
1011,ELAGIGILTV,-0.0762298921619423,54.36337625178827
5,HPVGEADYFEY,-0.0623844821462955,29.184549356223176
20861,SLYNTVATLY,-0.0767772911449168,47.63948497854077
32766,LIIMRTFKV,-0.0359860047360047,6.294706723891273
32159,ALNLGETFV,-0.0871127482459967,56.36623748211731
31004,MLAKALRKV,-0.1408601164032369,94.70672389127324
32977,NSTRFASVY,-0.072179143607715,41.9170243204578
32149,TTIQTIVEV,-0.0626816236328428,29.0414878397711
32525,VMHANYIFW,0.0026839826839826,0.0
33158,GLMWLSYFV,-0.1121782903147614,80.4005722460658
32182,FITESKPSV,-0.0721369351658412,41.9170243204578
72,CVNGSCFTV,-0.1450546200404254,95.27896995708154
520,KSKRTPMGF,-0.0607116694023294,27.32474964234621
32786,ELYSPIFLI,-0.0604050842651328,26.180257510729614
32088,VLSFCAFAV,-0.0787521999521863,49.35622317596567
32431,CLTPVYSFL,-0.0922545671678211,62.517882689556515
21372,GADGVGKSAL,-0.0082508840307252,0.2861230329041487
32987,LPDDFTGCV,-0.0664656331322998,33.61945636623748
32482,FLNKVVSTT,-0.0701961106089999,39.77110157367668
32532,TFTYASALW,-0.0516150516150516,17.310443490701
31333,YSEHPTFTSQY,-0.0733477526746757,43.34763948497854
33243,AVGVGKSAL,-0.1238665283209424,88.12589413447782
