tcr_id,epitope,reference_score,percentage_greater
32139,KLDGFMGRI,0.06133774,34.47782546494993
32785,ELYHYQECV,0.00020182054,82.97567954220315
31990,RAMPNMLRI,0.00020970005,89.69957081545064
33237,VVVGAVGVGK,0.8930582,0.28612303290414876
32350,GIIAMSAFA,0.04044811,41.3447782546495
32036,LTNDNTSRY,0.0394606,24.177396280400572
32240,APLLSAGVF,0.0028820483,43.63376251788269
32428,NTLQCIMLV,0.8247889,2.7181688125894135
1184,LLFGYPVYV,3.0338074e-07,94.27753934191702
30079,TEVETYVL,1.5191127e-05,95.99427753934192
34506,APARLERRHSA,0.03355046,52.36051502145923
30081,LTDEMIAQY,7.706148e-05,24.463519313304722
33013,YQDVNCTEV,0.012751802,35.1931330472103
32980,LPDDFMGCV,0.004551406,30.042918454935624
32255,NPTIQKNVL,0.014182509,42.06008583690987
33032,WPWYIWLGF,0.0062456913,29.184549356223176
33075,FIAGLIAIV,0.36196166,13.161659513590845
1276,AYAQKIFKI,0.76497686,2.1459227467811157
31994,LMCQPILLL,0.0026998355,38.054363376251786
31760,LPNNTASWF,0.00012725836,80.54363376251789
33149,RVVVLSFEL,0.24779488,10.014306151645208
32774,FAFACPDGV,0.036691632,46.49499284692418
32098,AMQTMLFTM,1.3389627e-05,93.99141630901288
1010,KLGGALQAK,0.0051560584,48.497854077253216
22561,AAFKRSCLK,0.1662164,27.753934191702434
32841,FLAFVVFLL,0.0018580209,75.53648068669528
32222,VPYFNMVYM,0.13015291,18.168812589413445
32061,SVLYYQNNV,0.0002187214,86.55221745350501
33318,ALLPGLPAA,0.17731532,15.450643776824036
29735,FLIYLDVSV,0.00057071814,80.82975679542204
