pdb_id,cognate_epitope_rank
8dnt,37.96203796203797
8f5a,4.595404595404595
1mi5,22.17782217782218
5eu6,13.586413586413586
3ffc,47.45254745254745
5isz,0.3996003996003996
4qrp,17.682317682317684
4qrr,3.796203796203796
3mv9,0.2997002997002997
3vxs,51.44855144855145
5tez,17.582417582417584
3o4l,72.12787212787212
4jry,8.291708291708291
2vlj,0.0
7n1e,3.696303696303696
6vrn,90.6093906093906
8wul,77.32267732267732
7qpj,86.01398601398601
