tcr_id_reference,percentage_lower
8ryn,42.758620689655174
8ryo,23.448275862068964
8rym,22.916666666666664
8rro,76.55172413793103
8rlv,0.6993006993006993
8rlt,5.555555555555555
8rlu,4.895104895104895
8ryp,25.517241379310345
8ye4,93.10344827586206
8ryq,6.896551724137931
