pdb_id,cognate_epitope_rank
4qrp,33.26673326673327
8shi,26.673326673326674
4qrr,63.93606393606394
3ffc,7.6923076923076925
5isz,7.992007992007992
8f5a,21.978021978021978
8dnt,23.476523476523475
1mi5,2.797202797202797
5eu6,98.20179820179821
6vrn,91.5084915084915
8wul,16.98301698301698
7qpj,67.53246753246754
2vlj,0.999000999000999
7n1e,2.997002997002997
3vxu,51.44855144855145
4jry,3.296703296703297
3vxs,20.27972027972028
3mv9,6.893106893106893
5tez,54.345654345654346
3o4l,44.05594405594406
