tcr_id,epitope,reference_score,percentage_greater
1016,IVTDFSVIK,0.03195844,23.17596566523605
21410,KLFEFLVYGV,0.0011048286,65.66523605150213
32953,FLHVTYVPA,0.008301434,50.21459227467812
32145,GLALYYPSA,0.095555834,31.759656652360512
32401,AIILASFSA,0.042470854,49.35622317596567
33049,KQLSSNFGA,0.09520073,24.606580829756798
33086,VLNDILSRL,0.1446714,9.298998569384835
32308,LMNVLTLVY,0.00024466024,82.1173104434907
764,RLGPVQNEV,0.000663796,87.55364806866953
32215,IPTITQMNL,0.0033786364,35.1931330472103
33472,VMATRRNVL,0.1322996,31.04434907010014
33256,MTLHGHMMY,0.20284879,15.450643776824036
32667,SGGGETALA,0.0018573896,82.689556509299
32382,RTIKVFTTV,0.012531141,53.50500715307582
33050,YGFQPTNGV,0.20213434,14.449213161659513
1333,SLFNTVATLY,0.6667666,2.0028612303290414
1037,RAKFKQLL,0.037979815,9.15593705293276
21448,APRGPHGGAASGL,0.0010578266,68.24034334763948
31880,RQLLFVVEV,1.8247295e-06,99.14163090128756
32508,LPGCDGGSL,0.0039505805,53.934191702432045
31905,YVWKSYVHV,0.0002975599,83.8340486409156
32560,WMVMFTPLV,0.10162771,33.47639484978541
32447,SMMILSDDA,0.67037934,5.865522174535051
30362,RVAGDSGFAAY,0.0009233341,70.67238912732475
32737,FVTVYSHLL,7.379697e-05,69.95708154506438
21442,KASEKIFYV,0.0074955365,44.34907010014306
1199,SLLMWITQV,0.00649067,59.227467811158796
21404,ALSPVIPHI,0.5021832,5.007153075822604
30610,VYIGDPAQL,0.004202994,60.37195994277539
32448,TLMNVITLV,0.26367828,26.75250357653791
