tcr_id,epitope,reference_score,percentage_greater
22626,HPNGYKSLSTL,0.9840167760849,48.21173104434907
30576,AEVQIDRLI,0.999593198299408,37.62517882689557
1648,KVLEYVIKV,0.9966891407966614,37.05293276108726
31726,LLNKHIDAY,0.9999914169311525,7.868383404864092
183,DATYQRTRALVR,0.9894416332244872,39.34191702432045
32907,YANRNRFLY,0.844620943069458,44.63519313304721
29719,TLWCSPIKV,0.9202051758766174,48.783977110157366
32214,MPYFFTLLL,0.941054105758667,67.52503576537912
1011,ELAGIGILTV,0.2656912207603454,36.05150214592275
5,HPVGEADYFEY,0.0234852936118841,66.52360515021459
20861,SLYNTVATLY,0.9909253120422364,49.35622317596567
32766,LIIMRTFKV,0.989042580127716,27.181688125894137
32159,ALNLGETFV,0.7834993004798889,68.95565092989986
31004,MLAKALRKV,0.9999994039535522,9.72818311874106
32977,NSTRFASVY,0.9998817443847656,15.450643776824036
32149,TTIQTIVEV,0.9998425245285034,18.168812589413445
32525,VMHANYIFW,0.9999183416366576,14.30615164520744
33158,GLMWLSYFV,0.4243307411670685,76.10872675250357
32182,FITESKPSV,3.519296660670079e-05,98.71244635193132
72,CVNGSCFTV,0.9305005073547364,49.213161659513595
520,KSKRTPMGF,0.0257746540009975,79.68526466380543
32786,ELYSPIFLI,0.526086688041687,70.52932761087267
32088,VLSFCAFAV,0.9998389482498168,16.452074391988557
32431,CLTPVYSFL,0.9999942779541016,9.15593705293276
21372,GADGVGKSAL,0.9995946288108826,10.586552217453503
32987,LPDDFTGCV,0.9996559619903564,25.035765379113016
32482,FLNKVVSTT,0.9999467134475708,16.738197424892704
32532,TFTYASALW,0.9198203682899476,57.65379113018598
31333,YSEHPTFTSQY,0.0117692770436406,39.91416309012876
33243,AVGVGKSAL,0.9999806880950928,7.0100143061516444
