tcr_id,epitope,reference_score,percentage_greater
1016,IVTDFSVIK,-0.0501306175686523,20.45779685264664
21410,KLFEFLVYGV,-0.1071179509672255,76.25178826895565
32953,FLHVTYVPA,-0.0797704249730533,50.500715307582254
32145,GLALYYPSA,-0.0522515099180487,18.025751072961373
32401,AIILASFSA,-0.050652786367072,16.738197424892704
33049,KQLSSNFGA,-0.0784178187403993,49.35622317596567
33086,VLNDILSRL,-0.0418039413926278,9.15593705293276
32308,LMNVLTLVY,-0.0799503453892044,50.500715307582254
764,RLGPVQNEV,0.0490344684601175,0.0
32215,IPTITQMNL,-0.0548157869736266,20.171673819742487
33472,VMATRRNVL,-0.0762985480870628,45.92274678111588
33256,MTLHGHMMY,0.0879062890124092,0.0
32667,SGGGETALA,-0.109171591230923,78.39771101573677
32382,RTIKVFTTV,-0.1150772291527139,82.26037195994277
33050,YGFQPTNGV,-0.0635420135420135,30.042918454935624
1333,SLFNTVATLY,-0.1281393651503706,89.69957081545064
1037,RAKFKQLL,-0.1417072132688811,94.9928469241774
21448,APRGPHGGAASGL,-0.133501809227973,92.56080114449212
31880,RQLLFVVEV,-0.1115609756469534,79.97138769670958
32508,LPGCDGGSL,-0.0626541762861296,29.0414878397711
31905,YVWKSYVHV,-0.0486379865009818,14.449213161659513
32560,WMVMFTPLV,-0.0519884306726412,17.8826895565093
32447,SMMILSDDA,-0.0381644074924091,7.1530758226037205
30362,RVAGDSGFAAY,-0.0751921867306482,44.49213161659514
32737,FVTVYSHLL,-0.0870772208496287,56.36623748211731
21442,KASEKIFYV,-0.1066142813793923,75.67954220314735
1199,SLLMWITQV,-0.0759700256453503,46.065808297567955
21404,ALSPVIPHI,-0.0797048045508986,50.500715307582254
30610,VYIGDPAQL,-0.0726042742348736,42.48927038626609
32448,TLMNVITLV,-0.1512904822667675,96.28040057224608
