tcr_id,epitope,reference_score,percentage_greater
1072,RMFPNAPYL,0.050732135772705,95.13590844062946
53,GLCTLVAML,1.0,0.0
1161,LLDFVRFMGV,0.9712311625480652,46.49499284692418
32686,VPHHVVATV,0.9999752044677734,9.871244635193133
21463,AAGIGILTV,0.0054030958563089,59.370529327610875
21367,HMTEVVRHC,0.9999336004257202,3.719599427753934
32091,VMVELVAEL,0.9975610971450806,37.48211731044349
31774,KDNVILLNK,0.1038314849138259,82.26037195994277
32299,TSAMQTMLF,0.9999923706054688,7.582260371959943
21390,KLYGLDWAEL,0.9996484518051147,24.320457796852647
32357,FLLPSLATV,0.2194153368473053,89.12732474964234
31791,RLNQLESKM,0.0007296277326531,94.70672389127324
32090,TLMNVLTLV,0.624042809009552,69.95708154506438
32367,VMYASAVVL,0.7830427885055542,72.24606580829757
30556,DTDFVNEFY,0.9549002647399902,55.36480686695279
29733,TEDEHFEFY,0.6117807626724243,78.39771101573677
30998,FAMQMAYRF,0.9968706965446472,58.51216022889842
32584,FVAAIFYLI,0.9581285715103148,74.2489270386266
32146,SMQNCVLKL,0.98744398355484,53.0758226037196
1190,CYTWNQMNL,3.580317695650592e-07,98.8555078683834
32449,MLNPNYEDL,0.95341819524765,24.6065808297568
31736,IKLDDKDPQ,0.9999997615814208,8.869814020028613
723,RAQAPPPSW,0.9999377727508544,12.446351931330472
32592,STQWSLFFF,0.8958542346954346,65.379113018598
32486,FVCDNIKFA,0.9990264177322388,25.608011444921313
33341,VMTTVLATL,0.9977099895477296,60.22889842632332
32340,TIVEVQPQL,0.229472205042839,47.4964234620887
32811,YTVSCLPFT,0.9999179840087892,16.165951359084406
2685,FLRGRAYGL,0.9886667728424072,40.2002861230329
32210,QPGQTFSVL,0.0248050633817911,86.12303290414879
