pdb_id,cognate_epitope_rank
8dnt,14.285714285714285
8f5a,6.693306693306693
1mi5,8.49150849150849
5eu6,24.07592407592408
3ffc,33.76623376623377
5isz,19.08091908091908
4qrp,4.295704295704296
4qrr,3.4965034965034967
3mv9,0.0999000999000999
3vxs,24.875124875124875
5tez,41.35864135864136
3o4l,64.73526473526474
4jry,9.69030969030969
2vlj,0.8991008991008992
7n1e,29.570429570429567
6vrn,87.21278721278722
8wul,23.57642357642358
7qpj,86.7132867132867
