tcr_id,epitope,reference_score,percentage_greater
30210,NTNSSPDDQIGYY,1.5135224e-05,83.69098712446352
1932,RTLNAWVKV,0.0053911936,14.449213161659513
32576,MMISAGFSL,0.00023922272,88.12589413447782
31748,TALALLLLD,4.5609802e-05,85.83690987124464
32316,TMADLVYAL,0.20901142,8.726752503576538
33095,KWPWYIWLG,0.63637626,5.293276108726753
32724,HLLLVAAGL,0.053137098,21.888412017167383
31859,ALWEIQQVV,0.0021253626,63.0901287553648
32680,LLLEWLAMA,0.006022848,44.20600858369099
31752,DQVILLNKH,0.0005731663,81.97424892703863
32862,FVLAAVYRI,0.003528322,60.08583690987125
32869,RYRIGNYKL,8.3623614e-05,79.97138769670958
32436,SLINTLNDL,0.0010159962,56.36623748211731
32346,FLCLFLLPS,1.2420732e-05,96.28040057224607
33064,FLPFFSDVT,0.42243102,11.444921316165951
32716,FLCWHTNCY,0.0023245278,44.34907010014306
31786,YHGAIKLDD,0.00075132,81.25894134477825
30992,YPDKVFRSSV,0.0001421689,85.97997138769671
32725,IPIQASLPF,0.120556794,16.30901287553648
32259,MPLSAPTLL,1.5845299e-05,85.40772532188842
31947,FLNGSCGSV,0.0033890118,52.78969957081545
32897,QWNLVIGFL,0.6961221,2.1459227467811157
31852,SMWALVISV,0.0023697647,69.38483547925608
28807,MEVTPSGTWL,0.19920391,11.587982832618025
32777,SPIFRIVAA,0.0026016023,72.96137339055794
21652,EIFDRYGEEV,0.059047718,24.606580829756798
32421,YLGGMSYYC,2.3181685e-05,90.70100143061516
29728,FMPDFDLHL,0.05362633,21.316165951359086
32418,KLQFTSLEI,0.00018172643,90.98712446351931
32985,LITGRLQSL,7.9696714e-05,87.98283261802575
