tcr_id,epitope,reference_score,percentage_greater
30210,NTNSSPDDQIGYY,0.8675342202186584,71.5307582260372
1932,RTLNAWVKV,0.9998145699501038,5.150214592274678
32576,MMISAGFSL,0.9999957084655762,10.44349070100143
31748,TALALLLLD,0.9487263560295104,58.22603719599427
32316,TMADLVYAL,0.0012463210150599,97.7110157367668
33095,KWPWYIWLG,1.0,0.0
32724,HLLLVAAGL,1.0,0.0
31859,ALWEIQQVV,0.9964879751205444,35.47925608011445
32680,LLLEWLAMA,0.3880321681499481,78.6838340486409
31752,DQVILLNKH,7.210263720480725e-05,97.85407725321888
32862,FVLAAVYRI,0.9999934434890748,24.034334763948497
32869,RYRIGNYKL,0.8975340127944946,54.36337625178827
32436,SLINTLNDL,0.999994158744812,10.872675250357654
32346,FLCLFLLPS,0.9516370296478271,56.36623748211731
33064,FLPFFSDVT,0.995911717414856,38.340486409155936
32716,FLCWHTNCY,0.9898802042007446,42.34620886981402
31786,YHGAIKLDD,0.8718829154968262,65.66523605150213
30992,YPDKVFRSSV,0.9994750618934632,28.183118741058657
32725,IPIQASLPF,0.9820906519889832,53.36194563662375
32259,MPLSAPTLL,0.028890686109662,92.84692417739628
31947,FLNGSCGSV,0.9838923215866088,39.48497854077253
32897,QWNLVIGFL,0.9320562481880188,58.0829756795422
31852,SMWALVISV,0.9598169326782228,49.213161659513595
28807,MEVTPSGTWL,0.9583072662353516,41.3447782546495
32777,SPIFRIVAA,0.999996304512024,1.859799713876967
21652,EIFDRYGEEV,0.0632189586758613,87.6967095851216
32421,YLGGMSYYC,0.9997180104255676,37.33905579399141
29728,FMPDFDLHL,0.958093285560608,50.500715307582254
32418,KLQFTSLEI,0.9990957975387572,36.05150214592275
32985,LITGRLQSL,0.9188024997711182,45.63662374821173
