pdb_id,cognate_epitope_rank
8dnt,19.88011988011988
8f5a,76.82317682317682
1mi5,3.196803196803197
5eu6,85.91408591408592
3ffc,3.996003996003996
5isz,25.874125874125873
4qrp,0.3996003996003996
4qrr,41.35864135864136
3mv9,3.796203796203796
3vxs,21.078921078921077
5tez,92.10789210789211
3o4l,31.768231768231768
4jry,10.18981018981019
2vlj,2.5974025974025974
7n1e,16.283716283716284
6vrn,74.92507492507492
8wul,21.278721278721278
7qpj,33.26673326673327
