tcr_id,epitope,reference_score,percentage_greater
1072,RMFPNAPYL,-0.1267888601986249,88.8412017167382
53,GLCTLVAML,0.2265876330363977,0.0
1161,LLDFVRFMGV,-0.0791472814754722,49.92846924177397
32686,VPHHVVATV,-0.0684118947731418,36.62374821173104
21463,AAGIGILTV,-0.0793720829662572,50.92989985693849
21367,HMTEVVRHC,-0.0663443934187342,33.47639484978541
32091,VMVELVAEL,-0.0298849875515263,4.005722460658083
31774,KDNVILLNK,-0.077415938683473,47.63948497854077
32299,TSAMQTMLF,-0.0582345535831433,24.177396280400572
21390,KLYGLDWAEL,-0.0901901467523919,60.51502145922747
32357,FLLPSLATV,-0.1232983245420849,87.98283261802575
31791,RLNQLESKM,-0.0525094897402922,18.4549356223176
32090,TLMNVLTLV,-0.0879650570306961,58.0829756795422
32367,VMYASAVVL,-0.0851853225789231,55.36480686695279
30556,DTDFVNEFY,-0.0730325528712625,42.77539341917024
29733,TEDEHFEFY,-0.077244606356251,47.21030042918455
30998,FAMQMAYRF,-0.0588771639534238,25.17882689556509
32584,FVAAIFYLI,-0.072008547008547,41.9170243204578
32146,SMQNCVLKL,-0.0618760868760868,28.040057224606574
1190,CYTWNQMNL,-0.0335812624145318,4.721030042918455
32449,MLNPNYEDL,-0.0545843516735853,20.314735336194563
31736,IKLDDKDPQ,-0.118740628517582,84.83547925608012
723,RAQAPPPSW,-0.0889924889924889,59.513590844062946
32592,STQWSLFFF,-0.0629400819088273,29.184549356223176
32486,FVCDNIKFA,-0.0320518042456813,4.721030042918455
33341,VMTTVLATL,-0.1065270948597888,75.67954220314735
32340,TIVEVQPQL,-0.0797116229619629,50.500715307582254
32811,YTVSCLPFT,-0.1090284940157283,78.39771101573677
2685,FLRGRAYGL,-0.1181548244720219,84.12017167381974
32210,QPGQTFSVL,-0.0258451831578651,2.7181688125894135
