pdb_id,cognate_epitope_rank
8dnt,47.85214785214785
8f5a,4.195804195804196
1mi5,1.3986013986013985
5eu6,27.57242757242757
3ffc,35.36463536463537
5isz,4.095904095904096
4qrp,4.095904095904096
4qrr,1.898101898101898
3mv9,0.6993006993006993
3vxs,30.96903096903097
5tez,25.874125874125873
3o4l,76.02397602397602
4jry,15.484515484515486
2vlj,0.2997002997002997
7n1e,1.4985014985014986
6vrn,95.90409590409591
8wul,66.03396603396602
7qpj,85.41458541458542
